{
  "feature_order": [
    "cand_system_score",
    "cand_source_weight",
    "co_occurrence_count",
    "co_occurrence_pmi",
    "sequential_probability",
    "high_tag_overlap",
    "low_tag_overlap",
    "pos_transition_prob",
    "cand_recency_decay",
    "time_of_day_match",
    "day_of_week_match",
    "session_length_so_far",
    "cand_personal_usage",
    "cand_is_favorite",
    "child_pos_preference",
    "cognitive_match",
    "cand_tag_confidence_avg",
    "is_bridge_card",
    "filter_stage_passed",
    "max_selectable_position"
  ],
  "coef": {
    "cand_system_score": -0.5743379618475749,
    "cand_source_weight": -0.35975216866787924,
    "co_occurrence_count": 0.7252495837255899,
    "co_occurrence_pmi": 0.37423941744658495,
    "sequential_probability": 0.37511220516375465,
    "high_tag_overlap": -0.001894062355135985,
    "low_tag_overlap": 0.01331290571323257,
    "pos_transition_prob": 0.09616115515715376,
    "cand_recency_decay": 0.47667111181085786,
    "time_of_day_match": -0.597464048152392,
    "day_of_week_match": 0.058759123098870145,
    "session_length_so_far": 2.220446049148845e-16,
    "cand_personal_usage": 0.04412458903909538,
    "cand_is_favorite": 0.12682383541496164,
    "child_pos_preference": -0.12087059037978279,
    "cognitive_match": -0.004184483542602487,
    "cand_tag_confidence_avg": 0.2158513012007279,
    "is_bridge_card": 0.007386736881732017,
    "filter_stage_passed": 0.0,
    "max_selectable_position": 0.0
  },
  "intercept": -0.01606951019162406,
  "source": "trained"
}